comment,label
Ai xem cùng không???,Spam / Không liên quan
Spam icon 😂😂😂,Spam / Không liên quan
Hàng chất lượng nè,Khen ngợi / Tương tác tích cực
Có màu trắng không bạn?,Hỏi thông tin sản phẩm
Shop rep nhanh giúp,Khẩn cấp / Cần phản hồi nhanh
Inbox cho mình ngay nhé,Khẩn cấp / Cần phản hồi nhanh
❤️❤️,Khen ngợi / Tương tác tích cực
Mất mấy ngày để giao?,Hỏi vận chuyển / Thanh toán
Cho xin giá,Hỏi giá
Hàng không giống hình,Phàn nàn / Tiêu cực
Mình chốt đơn,Chốt đơn / Mua hàng
Ai xem cùng không???,Spam / Không liên quan
Có size M không?,Hỏi thông tin sản phẩm
Có size XL không?,Hỏi thông tin sản phẩm
Giá sao thế?,Hỏi giá
Có freeship không?,Hỏi vận chuyển / Thanh toán
Có màu đỏ không bạn?,Hỏi thông tin sản phẩm
Spam icon 😂😂😂,Spam / Không liên quan
Dịch vụ tệ quá,Phàn nàn / Tiêu cực
Rất ưng,Khen ngợi / Tương tác tích cực
Mình từng mua rồi rất ok,Khen ngợi / Tương tác tích cực
Shop uy tín lắm,Khen ngợi / Tương tác tích cực
Đợi mãi chưa thấy giao,Phàn nàn / Tiêu cực
Đẹp quá,Khen ngợi / Tương tác tích cực
Mình chốt đơn,Chốt đơn / Mua hàng
Trả lời gấp dùm,Khẩn cấp / Cần phản hồi nhanh
Có giảm giá không?,Hỏi giá
Sản phẩm này chất gì vậy?,Hỏi thông tin sản phẩm
Có bảo hành không shop?,Hỏi thông tin sản phẩm
Có bảo hành không shop?,Hỏi thông tin sản phẩm
Ai xem cùng không???,Spam / Không liên quan
Sản phẩm này chất gì vậy?,Hỏi thông tin sản phẩm
❤️❤️,Khen ngợi / Tương tác tích cực
Vào kênh mình nhận quà,Spam / Không liên quan
Rất ưng,Khen ngợi / Tương tác tích cực
Mất mấy ngày để giao?,Hỏi vận chuyển / Thanh toán
Có freeship không?,Hỏi vận chuyển / Thanh toán
Phí ship thế nào shop?,Hỏi vận chuyển / Thanh toán
Sản phẩm lỗi,Phàn nàn / Tiêu cực
Ship về Đà Nẵng bao nhiêu?,Hỏi vận chuyển / Thanh toán
Có giảm giá không?,Hỏi giá
Có COD không vậy?,Hỏi vận chuyển / Thanh toán
Vào kênh mình nhận quà,Spam / Không liên quan
Chốt màu đỏ size L,Chốt đơn / Mua hàng
Shop giao hàng chậm quá,Phàn nàn / Tiêu cực
Lấy 1 bộ luôn,Chốt đơn / Mua hàng
Sản phẩm này chất gì vậy?,Hỏi thông tin sản phẩm
Sản phẩm này chất gì vậy?,Hỏi thông tin sản phẩm
Cái này nhiêu tiền vậy?,Hỏi giá
Có size M không?,Hỏi thông tin sản phẩm
Rất ưng,Khen ngợi / Tương tác tích cực
Có bảo hành không shop?,Hỏi thông tin sản phẩm
Sản phẩm lỗi,Phàn nàn / Tiêu cực
Cái này nhiêu tiền vậy?,Hỏi giá
Cái này hàng chính hãng không?,Hỏi thông tin sản phẩm
Có COD không vậy?,Hỏi vận chuyển / Thanh toán
Có màu trắng không bạn?,Hỏi thông tin sản phẩm
Mất mấy ngày để giao?,Hỏi vận chuyển / Thanh toán
Vào kênh mình nhận quà,Spam / Không liên quan
Cho mình 5 cái nhé,Chốt đơn / Mua hàng
Chốt màu đỏ size L,Chốt đơn / Mua hàng
Đặt 3 sản phẩm,Chốt đơn / Mua hàng
Giá sao thế?,Hỏi giá
Inbox cho mình ngay nhé,Khẩn cấp / Cần phản hồi nhanh
Mình từng mua rồi rất ok,Khen ngợi / Tương tác tích cực
Cái này hàng chính hãng không?,Hỏi thông tin sản phẩm
Inbox cho mình ngay nhé,Khẩn cấp / Cần phản hồi nhanh
Có màu xanh không bạn?,Hỏi thông tin sản phẩm
Có freeship không?,Hỏi vận chuyển / Thanh toán
Mất mấy ngày để giao?,Hỏi vận chuyển / Thanh toán
Có bảo hành không shop?,Hỏi thông tin sản phẩm
Có freeship không?,Hỏi vận chuyển / Thanh toán
Có COD không vậy?,Hỏi vận chuyển / Thanh toán
Hàng chất lượng nè,Khen ngợi / Tương tác tích cực
Cái này nhiêu tiền vậy?,Hỏi giá
Cái này hàng chính hãng không?,Hỏi thông tin sản phẩm
Mình chốt đơn,Chốt đơn / Mua hàng
Bao nhiêu vậy shop?,Hỏi giá
Lấy 1 bộ luôn,Chốt đơn / Mua hàng
Mình chốt đơn,Chốt đơn / Mua hàng
Follow mình nha,Spam / Không liên quan
Bao nhiêu vậy shop?,Hỏi giá
Ship về Cần Thơ bao nhiêu?,Hỏi vận chuyển / Thanh toán
Cái này hàng chính hãng không?,Hỏi thông tin sản phẩm
Cho mình 5 cái nhé,Chốt đơn / Mua hàng
Cho xin giá,Hỏi giá
Giá bao nhiêu thế shop?,Hỏi giá
Đợi mãi chưa thấy giao,Phàn nàn / Tiêu cực
Có COD không vậy?,Hỏi vận chuyển / Thanh toán
Lấy 3 bộ luôn,Chốt đơn / Mua hàng
Rất ưng,Khen ngợi / Tương tác tích cực
Có bảo hành không shop?,Hỏi thông tin sản phẩm
Trả lời gấp dùm,Khẩn cấp / Cần phản hồi nhanh
Có size S không?,Hỏi thông tin sản phẩm
Đợi mãi chưa thấy giao,Phàn nàn / Tiêu cực
Đẹp quá,Khen ngợi / Tương tác tích cực
Đẹp quá,Khen ngợi / Tương tác tích cực
Ai xem cùng không???,Spam / Không liên quan
Hàng không giống hình,Phàn nàn / Tiêu cực
Có COD không vậy?,Hỏi vận chuyển / Thanh toán
Lấy 3 bộ luôn,Chốt đơn / Mua hàng
Rep tin nhắn liền đi,Khẩn cấp / Cần phản hồi nhanh
Ai xem cùng không???,Spam / Không liên quan
Rất ưng,Khen ngợi / Tương tác tích cực
Rất ưng,Khen ngợi / Tương tác tích cực
Có size L không?,Hỏi thông tin sản phẩm
Cho xin giá,Hỏi giá
Giá bao nhiêu thế shop?,Hỏi giá
Rất ưng,Khen ngợi / Tương tác tích cực
Ai xem cùng không???,Spam / Không liên quan
Giá bao nhiêu thế shop?,Hỏi giá
Giá sao thế?,Hỏi giá
Sản phẩm này chất gì vậy?,Hỏi thông tin sản phẩm
Dịch vụ tệ quá,Phàn nàn / Tiêu cực
Spam icon 😂😂😂,Spam / Không liên quan
Có bảo hành không shop?,Hỏi thông tin sản phẩm
Có size L không?,Hỏi thông tin sản phẩm
Chốt màu đỏ size L,Chốt đơn / Mua hàng
Shop giao hàng chậm quá,Phàn nàn / Tiêu cực
Giá sao thế?,Hỏi giá
Đẹp quá,Khen ngợi / Tương tác tích cực
Đợi mãi chưa thấy giao,Phàn nàn / Tiêu cực
Dịch vụ tệ quá,Phàn nàn / Tiêu cực
Shop rep nhanh giúp,Khẩn cấp / Cần phản hồi nhanh
Rep tin nhắn liền đi,Khẩn cấp / Cần phản hồi nhanh
Rất ưng,Khen ngợi / Tương tác tích cực
Lấy 5 bộ luôn,Chốt đơn / Mua hàng
Sản phẩm này chất gì vậy?,Hỏi thông tin sản phẩm
Mất mấy ngày để giao?,Hỏi vận chuyển / Thanh toán
Phí ship thế nào shop?,Hỏi vận chuyển / Thanh toán
Có size S không?,Hỏi thông tin sản phẩm
Mình cần gấp,Khẩn cấp / Cần phản hồi nhanh
Sản phẩm này chất gì vậy?,Hỏi thông tin sản phẩm
Trả lời gấp dùm,Khẩn cấp / Cần phản hồi nhanh
Like cho shop,Khen ngợi / Tương tác tích cực
Shop rep nhanh giúp,Khẩn cấp / Cần phản hồi nhanh
Rất ưng,Khen ngợi / Tương tác tích cực
Hàng chất lượng nè,Khen ngợi / Tương tác tích cực
Dịch vụ tệ quá,Phàn nàn / Tiêu cực
Ship về Đà Nẵng bao nhiêu?,Hỏi vận chuyển / Thanh toán
Có giảm giá không?,Hỏi giá
Chốt màu đỏ size L,Chốt đơn / Mua hàng
Inbox cho mình ngay nhé,Khẩn cấp / Cần phản hồi nhanh
Cho mình 1 cái nhé,Chốt đơn / Mua hàng
Có màu trắng không bạn?,Hỏi thông tin sản phẩm
Sản phẩm này chất gì vậy?,Hỏi thông tin sản phẩm
Cái này nhiêu tiền vậy?,Hỏi giá
Cái này hàng chính hãng không?,Hỏi thông tin sản phẩm
Ship về Hồ Chí Minh bao nhiêu?,Hỏi vận chuyển / Thanh toán
Cái này nhiêu tiền vậy?,Hỏi giá
Đợi mãi chưa thấy giao,Phàn nàn / Tiêu cực
Mua 5 áo size M,Chốt đơn / Mua hàng
Không hài lòng,Phàn nàn / Tiêu cực
Ship về Hồ Chí Minh bao nhiêu?,Hỏi vận chuyển / Thanh toán
Spam icon 😂😂😂,Spam / Không liên quan
Dịch vụ tệ quá,Phàn nàn / Tiêu cực
Shop rep nhanh giúp,Khẩn cấp / Cần phản hồi nhanh
Ai xem cùng không???,Spam / Không liên quan
Shop rep nhanh giúp,Khẩn cấp / Cần phản hồi nhanh
Lấy 3 bộ luôn,Chốt đơn / Mua hàng
Có size XL không?,Hỏi thông tin sản phẩm
Mình cần gấp,Khẩn cấp / Cần phản hồi nhanh
Shop rep nhanh giúp,Khẩn cấp / Cần phản hồi nhanh
Mình cần gấp,Khẩn cấp / Cần phản hồi nhanh
Phí ship thế nào shop?,Hỏi vận chuyển / Thanh toán
Chém gió cho vui thôi,Spam / Không liên quan
Mình từng mua rồi rất ok,Khen ngợi / Tương tác tích cực
Mình chốt đơn,Chốt đơn / Mua hàng
Mất mấy ngày để giao?,Hỏi vận chuyển / Thanh toán
Chốt đơn 1 cái,Chốt đơn / Mua hàng
Cho mình 3 cái nhé,Chốt đơn / Mua hàng
Rep tin nhắn liền đi,Khẩn cấp / Cần phản hồi nhanh
Cho xin giá,Hỏi giá
Sản phẩm lỗi,Phàn nàn / Tiêu cực
Sản phẩm này chất gì vậy?,Hỏi thông tin sản phẩm
Ship về Cần Thơ bao nhiêu?,Hỏi vận chuyển / Thanh toán
Trả lời gấp dùm,Khẩn cấp / Cần phản hồi nhanh
Không hài lòng,Phàn nàn / Tiêu cực
Có màu đen không bạn?,Hỏi thông tin sản phẩm
Đẹp quá,Khen ngợi / Tương tác tích cực
Có COD không vậy?,Hỏi vận chuyển / Thanh toán
Rep tin nhắn liền đi,Khẩn cấp / Cần phản hồi nhanh
Rất ưng,Khen ngợi / Tương tác tích cực
Shop rep nhanh giúp,Khẩn cấp / Cần phản hồi nhanh
Spam icon 😂😂😂,Spam / Không liên quan
Cái này hàng chính hãng không?,Hỏi thông tin sản phẩm
Lấy 1 bộ luôn,Chốt đơn / Mua hàng
Ship về Hà Nội bao nhiêu?,Hỏi vận chuyển / Thanh toán
Dịch vụ tệ quá,Phàn nàn / Tiêu cực
Lấy 5 bộ luôn,Chốt đơn / Mua hàng
Đợi mãi chưa thấy giao,Phàn nàn / Tiêu cực
Bao nhiêu vậy shop?,Hỏi giá
Đặt 1 sản phẩm,Chốt đơn / Mua hàng
Shop rep nhanh giúp,Khẩn cấp / Cần phản hồi nhanh
Sản phẩm lỗi,Phàn nàn / Tiêu cực
Có giảm giá không?,Hỏi giá
Mình từng mua rồi rất ok,Khen ngợi / Tương tác tích cực
Đợi mãi chưa thấy giao,Phàn nàn / Tiêu cực
Spam icon 😂😂😂,Spam / Không liên quan
Shop rep nhanh giúp,Khẩn cấp / Cần phản hồi nhanh
Hàng không giống hình,Phàn nàn / Tiêu cực
Cái này hàng chính hãng không?,Hỏi thông tin sản phẩm
Mua 3 áo size M,Chốt đơn / Mua hàng
Rep tin nhắn liền đi,Khẩn cấp / Cần phản hồi nhanh
Shop rep nhanh giúp,Khẩn cấp / Cần phản hồi nhanh
Có bảo hành không shop?,Hỏi thông tin sản phẩm
Shop giao hàng chậm quá,Phàn nàn / Tiêu cực
Chốt đơn 1 cái,Chốt đơn / Mua hàng
Shop giao hàng chậm quá,Phàn nàn / Tiêu cực
Chém gió cho vui thôi,Spam / Không liên quan
Trả lời gấp dùm,Khẩn cấp / Cần phản hồi nhanh
Không hài lòng,Phàn nàn / Tiêu cực
Mình chốt đơn,Chốt đơn / Mua hàng
Có freeship không?,Hỏi vận chuyển / Thanh toán
Shop giao hàng chậm quá,Phàn nàn / Tiêu cực
Đợi mãi chưa thấy giao,Phàn nàn / Tiêu cực
Ai xem cùng không???,Spam / Không liên quan
Vào kênh mình nhận quà,Spam / Không liên quan
Cho mình 5 cái nhé,Chốt đơn / Mua hàng
Like cho shop,Khen ngợi / Tương tác tích cực
Đợi mãi chưa thấy giao,Phàn nàn / Tiêu cực
Trả lời gấp dùm,Khẩn cấp / Cần phản hồi nhanh
Cái này hàng chính hãng không?,Hỏi thông tin sản phẩm
Rất ưng,Khen ngợi / Tương tác tích cực
Sản phẩm lỗi,Phàn nàn / Tiêu cực
Mình chốt đơn,Chốt đơn / Mua hàng
❤️❤️,Khen ngợi / Tương tác tích cực
Đặt 2 sản phẩm,Chốt đơn / Mua hàng
Ship về Hồ Chí Minh bao nhiêu?,Hỏi vận chuyển / Thanh toán
Mất mấy ngày để giao?,Hỏi vận chuyển / Thanh toán
Giá sao thế?,Hỏi giá
Có size L không?,Hỏi thông tin sản phẩm
Có bảo hành không shop?,Hỏi thông tin sản phẩm
Có size M không?,Hỏi thông tin sản phẩm
Giá bao nhiêu thế shop?,Hỏi giá
Đặt 1 sản phẩm,Chốt đơn / Mua hàng
Shop rep nhanh giúp,Khẩn cấp / Cần phản hồi nhanh
Mình cần gấp,Khẩn cấp / Cần phản hồi nhanh
Có giảm giá không?,Hỏi giá
Có COD không vậy?,Hỏi vận chuyển / Thanh toán
Mình cần gấp,Khẩn cấp / Cần phản hồi nhanh
Follow mình nha,Spam / Không liên quan
Rep tin nhắn liền đi,Khẩn cấp / Cần phản hồi nhanh
Ship về Cần Thơ bao nhiêu?,Hỏi vận chuyển / Thanh toán
Đợi mãi chưa thấy giao,Phàn nàn / Tiêu cực
Like cho shop,Khen ngợi / Tương tác tích cực
Chém gió cho vui thôi,Spam / Không liên quan
Hàng chất lượng nè,Khen ngợi / Tương tác tích cực
Mình cần gấp,Khẩn cấp / Cần phản hồi nhanh
Sản phẩm lỗi,Phàn nàn / Tiêu cực
Mình cần gấp,Khẩn cấp / Cần phản hồi nhanh
Có freeship không?,Hỏi vận chuyển / Thanh toán
Chém gió cho vui thôi,Spam / Không liên quan
Vào kênh mình nhận quà,Spam / Không liên quan
Shop uy tín lắm,Khen ngợi / Tương tác tích cực
Đặt 1 sản phẩm,Chốt đơn / Mua hàng
Đặt 5 sản phẩm,Chốt đơn / Mua hàng
Rep tin nhắn liền đi,Khẩn cấp / Cần phản hồi nhanh
Spam icon 😂😂😂,Spam / Không liên quan
Có freeship không?,Hỏi vận chuyển / Thanh toán
Có size M không?,Hỏi thông tin sản phẩm
Cho mình 3 cái nhé,Chốt đơn / Mua hàng
Đẹp quá,Khen ngợi / Tương tác tích cực
Có size L không?,Hỏi thông tin sản phẩm
Có giảm giá không?,Hỏi giá
Giá sao thế?,Hỏi giá
Chốt màu đỏ size L,Chốt đơn / Mua hàng
Có COD không vậy?,Hỏi vận chuyển / Thanh toán
Giá bao nhiêu thế shop?,Hỏi giá
Đặt 5 sản phẩm,Chốt đơn / Mua hàng
Có size S không?,Hỏi thông tin sản phẩm
Mình chốt đơn,Chốt đơn / Mua hàng
❤️❤️,Khen ngợi / Tương tác tích cực
Rất ưng,Khen ngợi / Tương tác tích cực
Có bảo hành không shop?,Hỏi thông tin sản phẩm
Bao nhiêu vậy shop?,Hỏi giá
Mất mấy ngày để giao?,Hỏi vận chuyển / Thanh toán
Shop rep nhanh giúp,Khẩn cấp / Cần phản hồi nhanh
Đặt 2 sản phẩm,Chốt đơn / Mua hàng
❤️❤️,Khen ngợi / Tương tác tích cực
Chốt màu đỏ size L,Chốt đơn / Mua hàng
Chốt màu đỏ size L,Chốt đơn / Mua hàng
Mình cần gấp,Khẩn cấp / Cần phản hồi nhanh
Đợi mãi chưa thấy giao,Phàn nàn / Tiêu cực
Mình chốt đơn,Chốt đơn / Mua hàng
Có COD không vậy?,Hỏi vận chuyển / Thanh toán
Rep tin nhắn liền đi,Khẩn cấp / Cần phản hồi nhanh
Không hài lòng,Phàn nàn / Tiêu cực
Cho mình 5 cái nhé,Chốt đơn / Mua hàng
Giá sao thế?,Hỏi giá
Shop giao hàng chậm quá,Phàn nàn / Tiêu cực
Shop rep nhanh giúp,Khẩn cấp / Cần phản hồi nhanh
Đặt 2 sản phẩm,Chốt đơn / Mua hàng
Vào kênh mình nhận quà,Spam / Không liên quan
Inbox cho mình ngay nhé,Khẩn cấp / Cần phản hồi nhanh
Phí ship thế nào shop?,Hỏi vận chuyển / Thanh toán
Rất ưng,Khen ngợi / Tương tác tích cực
Rất ưng,Khen ngợi / Tương tác tích cực
Giá sao thế?,Hỏi giá
Không hài lòng,Phàn nàn / Tiêu cực
Sản phẩm này chất gì vậy?,Hỏi thông tin sản phẩm
Có màu đen không bạn?,Hỏi thông tin sản phẩm
Có size M không?,Hỏi thông tin sản phẩm
Ai xem cùng không???,Spam / Không liên quan
Chém gió cho vui thôi,Spam / Không liên quan
Follow mình nha,Spam / Không liên quan
Bao nhiêu vậy shop?,Hỏi giá
Đợi mãi chưa thấy giao,Phàn nàn / Tiêu cực
Shop rep nhanh giúp,Khẩn cấp / Cần phản hồi nhanh
Mình cần gấp,Khẩn cấp / Cần phản hồi nhanh
Giá bao nhiêu thế shop?,Hỏi giá
Cho mình 1 cái nhé,Chốt đơn / Mua hàng
Bao nhiêu vậy shop?,Hỏi giá
Cho mình 2 cái nhé,Chốt đơn / Mua hàng
Có bảo hành không shop?,Hỏi thông tin sản phẩm
Giá bao nhiêu thế shop?,Hỏi giá
Rep tin nhắn liền đi,Khẩn cấp / Cần phản hồi nhanh
Có size L không?,Hỏi thông tin sản phẩm
Có COD không vậy?,Hỏi vận chuyển / Thanh toán
Inbox cho mình ngay nhé,Khẩn cấp / Cần phản hồi nhanh
Cho xin giá,Hỏi giá
Đẹp quá,Khen ngợi / Tương tác tích cực
Mất mấy ngày để giao?,Hỏi vận chuyển / Thanh toán
Follow mình nha,Spam / Không liên quan
Hàng không giống hình,Phàn nàn / Tiêu cực
Phí ship thế nào shop?,Hỏi vận chuyển / Thanh toán
❤️❤️,Khen ngợi / Tương tác tích cực
Ai xem cùng không???,Spam / Không liên quan
Giá bao nhiêu thế shop?,Hỏi giá
Sản phẩm lỗi,Phàn nàn / Tiêu cực
Spam icon 😂😂😂,Spam / Không liên quan
❤️❤️,Khen ngợi / Tương tác tích cực
Dịch vụ tệ quá,Phàn nàn / Tiêu cực
Spam icon 😂😂😂,Spam / Không liên quan
Vào kênh mình nhận quà,Spam / Không liên quan
Có size XL không?,Hỏi thông tin sản phẩm
Shop rep nhanh giúp,Khẩn cấp / Cần phản hồi nhanh
Hàng chất lượng nè,Khen ngợi / Tương tác tích cực
Like cho shop,Khen ngợi / Tương tác tích cực
Có bảo hành không shop?,Hỏi thông tin sản phẩm
Ship về Hồ Chí Minh bao nhiêu?,Hỏi vận chuyển / Thanh toán
Shop rep nhanh giúp,Khẩn cấp / Cần phản hồi nhanh
Đẹp quá,Khen ngợi / Tương tác tích cực
Trả lời gấp dùm,Khẩn cấp / Cần phản hồi nhanh
Hàng chất lượng nè,Khen ngợi / Tương tác tích cực
Follow mình nha,Spam / Không liên quan
❤️❤️,Khen ngợi / Tương tác tích cực
Shop giao hàng chậm quá,Phàn nàn / Tiêu cực
Ai xem cùng không???,Spam / Không liên quan
Chém gió cho vui thôi,Spam / Không liên quan
Mất mấy ngày để giao?,Hỏi vận chuyển / Thanh toán
Mình chốt đơn,Chốt đơn / Mua hàng
Cho xin giá,Hỏi giá
Có freeship không?,Hỏi vận chuyển / Thanh toán
Vào kênh mình nhận quà,Spam / Không liên quan
Phí ship thế nào shop?,Hỏi vận chuyển / Thanh toán
Đợi mãi chưa thấy giao,Phàn nàn / Tiêu cực
Đẹp quá,Khen ngợi / Tương tác tích cực
❤️❤️,Khen ngợi / Tương tác tích cực
Sản phẩm lỗi,Phàn nàn / Tiêu cực
❤️❤️,Khen ngợi / Tương tác tích cực
Rep tin nhắn liền đi,Khẩn cấp / Cần phản hồi nhanh
Mình cần gấp,Khẩn cấp / Cần phản hồi nhanh
Trả lời gấp dùm,Khẩn cấp / Cần phản hồi nhanh
Có freeship không?,Hỏi vận chuyển / Thanh toán
Rep tin nhắn liền đi,Khẩn cấp / Cần phản hồi nhanh
Like cho shop,Khen ngợi / Tương tác tích cực
Shop uy tín lắm,Khen ngợi / Tương tác tích cực
Chém gió cho vui thôi,Spam / Không liên quan
Rep tin nhắn liền đi,Khẩn cấp / Cần phản hồi nhanh
Đẹp quá,Khen ngợi / Tương tác tích cực
Có bảo hành không shop?,Hỏi thông tin sản phẩm
Spam icon 😂😂😂,Spam / Không liên quan
Spam icon 😂😂😂,Spam / Không liên quan
Có màu đỏ không bạn?,Hỏi thông tin sản phẩm
Shop giao hàng chậm quá,Phàn nàn / Tiêu cực
Có bảo hành không shop?,Hỏi thông tin sản phẩm
Ai xem cùng không???,Spam / Không liên quan
❤️❤️,Khen ngợi / Tương tác tích cực
Đợi mãi chưa thấy giao,Phàn nàn / Tiêu cực
Chốt màu đỏ size L,Chốt đơn / Mua hàng
Sản phẩm này chất gì vậy?,Hỏi thông tin sản phẩm
Chốt màu đỏ size L,Chốt đơn / Mua hàng
Cho mình 2 cái nhé,Chốt đơn / Mua hàng
Chém gió cho vui thôi,Spam / Không liên quan
Lấy 3 bộ luôn,Chốt đơn / Mua hàng
Đợi mãi chưa thấy giao,Phàn nàn / Tiêu cực
Có freeship không?,Hỏi vận chuyển / Thanh toán
Phí ship thế nào shop?,Hỏi vận chuyển / Thanh toán
Có màu đen không bạn?,Hỏi thông tin sản phẩm
Inbox cho mình ngay nhé,Khẩn cấp / Cần phản hồi nhanh
Giá sao thế?,Hỏi giá
Shop uy tín lắm,Khen ngợi / Tương tác tích cực
Có COD không vậy?,Hỏi vận chuyển / Thanh toán
Trả lời gấp dùm,Khẩn cấp / Cần phản hồi nhanh
Đợi mãi chưa thấy giao,Phàn nàn / Tiêu cực
Chém gió cho vui thôi,Spam / Không liên quan
❤️❤️,Khen ngợi / Tương tác tích cực
Spam icon 😂😂😂,Spam / Không liên quan
Trả lời gấp dùm,Khẩn cấp / Cần phản hồi nhanh
Không hài lòng,Phàn nàn / Tiêu cực
Inbox cho mình ngay nhé,Khẩn cấp / Cần phản hồi nhanh
Rất ưng,Khen ngợi / Tương tác tích cực
Hàng chất lượng nè,Khen ngợi / Tương tác tích cực
Cái này hàng chính hãng không?,Hỏi thông tin sản phẩm
Giá sao thế?,Hỏi giá
Lấy 2 bộ luôn,Chốt đơn / Mua hàng
Follow mình nha,Spam / Không liên quan
Hàng chất lượng nè,Khen ngợi / Tương tác tích cực
Shop uy tín lắm,Khen ngợi / Tương tác tích cực
Có COD không vậy?,Hỏi vận chuyển / Thanh toán
Rep tin nhắn liền đi,Khẩn cấp / Cần phản hồi nhanh
Phí ship thế nào shop?,Hỏi vận chuyển / Thanh toán
Rất ưng,Khen ngợi / Tương tác tích cực
Cho xin giá,Hỏi giá
Chém gió cho vui thôi,Spam / Không liên quan
Cái này nhiêu tiền vậy?,Hỏi giá
Cho xin giá,Hỏi giá
Hàng không giống hình,Phàn nàn / Tiêu cực
Có màu đỏ không bạn?,Hỏi thông tin sản phẩm
Có màu đỏ không bạn?,Hỏi thông tin sản phẩm
Có bảo hành không shop?,Hỏi thông tin sản phẩm
Cho xin giá,Hỏi giá
Đẹp quá,Khen ngợi / Tương tác tích cực
Shop rep nhanh giúp,Khẩn cấp / Cần phản hồi nhanh
Có giảm giá không?,Hỏi giá
Có màu trắng không bạn?,Hỏi thông tin sản phẩm
Có màu trắng không bạn?,Hỏi thông tin sản phẩm
Giá bao nhiêu thế shop?,Hỏi giá
Mình chốt đơn,Chốt đơn / Mua hàng
Sản phẩm này chất gì vậy?,Hỏi thông tin sản phẩm
Cái này hàng chính hãng không?,Hỏi thông tin sản phẩm
Trả lời gấp dùm,Khẩn cấp / Cần phản hồi nhanh
Dịch vụ tệ quá,Phàn nàn / Tiêu cực
Có size M không?,Hỏi thông tin sản phẩm
Bao nhiêu vậy shop?,Hỏi giá
Chốt màu đỏ size L,Chốt đơn / Mua hàng
Shop giao hàng chậm quá,Phàn nàn / Tiêu cực
Chém gió cho vui thôi,Spam / Không liên quan
Shop giao hàng chậm quá,Phàn nàn / Tiêu cực
Shop giao hàng chậm quá,Phàn nàn / Tiêu cực
Có size XL không?,Hỏi thông tin sản phẩm
Mình chốt đơn,Chốt đơn / Mua hàng
Chốt đơn 5 cái,Chốt đơn / Mua hàng
Mình cần gấp,Khẩn cấp / Cần phản hồi nhanh
Lấy 1 bộ luôn,Chốt đơn / Mua hàng
Ship về Hồ Chí Minh bao nhiêu?,Hỏi vận chuyển / Thanh toán
Chốt đơn 2 cái,Chốt đơn / Mua hàng
Shop rep nhanh giúp,Khẩn cấp / Cần phản hồi nhanh
Trả lời gấp dùm,Khẩn cấp / Cần phản hồi nhanh
Shop rep nhanh giúp,Khẩn cấp / Cần phản hồi nhanh
Có freeship không?,Hỏi vận chuyển / Thanh toán
Có màu xanh không bạn?,Hỏi thông tin sản phẩm
Giá bao nhiêu thế shop?,Hỏi giá
Lấy 2 bộ luôn,Chốt đơn / Mua hàng
Ship về Cần Thơ bao nhiêu?,Hỏi vận chuyển / Thanh toán
Không hài lòng,Phàn nàn / Tiêu cực
Chém gió cho vui thôi,Spam / Không liên quan
Inbox cho mình ngay nhé,Khẩn cấp / Cần phản hồi nhanh
Sản phẩm này chất gì vậy?,Hỏi thông tin sản phẩm
Cho mình 2 cái nhé,Chốt đơn / Mua hàng
Không hài lòng,Phàn nàn / Tiêu cực
Sản phẩm này chất gì vậy?,Hỏi thông tin sản phẩm
Bao nhiêu vậy shop?,Hỏi giá
Cái này hàng chính hãng không?,Hỏi thông tin sản phẩm
Có màu đen không bạn?,Hỏi thông tin sản phẩm
Ai xem cùng không???,Spam / Không liên quan
Có size XL không?,Hỏi thông tin sản phẩm
Mua 3 áo size M,Chốt đơn / Mua hàng
Mất mấy ngày để giao?,Hỏi vận chuyển / Thanh toán
Rất ưng,Khen ngợi / Tương tác tích cực
Sản phẩm lỗi,Phàn nàn / Tiêu cực
Mình chốt đơn,Chốt đơn / Mua hàng
Rep tin nhắn liền đi,Khẩn cấp / Cần phản hồi nhanh
Mình chốt đơn,Chốt đơn / Mua hàng
Chém gió cho vui thôi,Spam / Không liên quan
Cái này nhiêu tiền vậy?,Hỏi giá
Bao nhiêu vậy shop?,Hỏi giá
Không hài lòng,Phàn nàn / Tiêu cực
Đẹp quá,Khen ngợi / Tương tác tích cực
Đẹp quá,Khen ngợi / Tương tác tích cực
Có freeship không?,Hỏi vận chuyển / Thanh toán
Có freeship không?,Hỏi vận chuyển / Thanh toán
Hàng không giống hình,Phàn nàn / Tiêu cực
Mình từng mua rồi rất ok,Khen ngợi / Tương tác tích cực
Chốt màu đỏ size L,Chốt đơn / Mua hàng
Cho xin giá,Hỏi giá
Cho mình 5 cái nhé,Chốt đơn / Mua hàng
Cho xin giá,Hỏi giá
Trả lời gấp dùm,Khẩn cấp / Cần phản hồi nhanh
Có COD không vậy?,Hỏi vận chuyển / Thanh toán
Bao nhiêu vậy shop?,Hỏi giá
Like cho shop,Khen ngợi / Tương tác tích cực
Có bảo hành không shop?,Hỏi thông tin sản phẩm
Cho mình 3 cái nhé,Chốt đơn / Mua hàng
Có freeship không?,Hỏi vận chuyển / Thanh toán
Spam icon 😂😂😂,Spam / Không liên quan
Có màu đỏ không bạn?,Hỏi thông tin sản phẩm
Có size M không?,Hỏi thông tin sản phẩm
Dịch vụ tệ quá,Phàn nàn / Tiêu cực
Có bảo hành không shop?,Hỏi thông tin sản phẩm
Follow mình nha,Spam / Không liên quan
Shop rep nhanh giúp,Khẩn cấp / Cần phản hồi nhanh
Inbox cho mình ngay nhé,Khẩn cấp / Cần phản hồi nhanh
Giá bao nhiêu thế shop?,Hỏi giá
Lấy 3 bộ luôn,Chốt đơn / Mua hàng
Có màu trắng không bạn?,Hỏi thông tin sản phẩm
Inbox cho mình ngay nhé,Khẩn cấp / Cần phản hồi nhanh
Trả lời gấp dùm,Khẩn cấp / Cần phản hồi nhanh
Follow mình nha,Spam / Không liên quan
Cho xin giá,Hỏi giá
Ai xem cùng không???,Spam / Không liên quan
Có freeship không?,Hỏi vận chuyển / Thanh toán
Có màu trắng không bạn?,Hỏi thông tin sản phẩm
Hàng không giống hình,Phàn nàn / Tiêu cực
Có size L không?,Hỏi thông tin sản phẩm
Rep tin nhắn liền đi,Khẩn cấp / Cần phản hồi nhanh
Dịch vụ tệ quá,Phàn nàn / Tiêu cực
Cái này hàng chính hãng không?,Hỏi thông tin sản phẩm
Mình cần gấp,Khẩn cấp / Cần phản hồi nhanh
Có freeship không?,Hỏi vận chuyển / Thanh toán
Inbox cho mình ngay nhé,Khẩn cấp / Cần phản hồi nhanh
Mình từng mua rồi rất ok,Khen ngợi / Tương tác tích cực
Sản phẩm lỗi,Phàn nàn / Tiêu cực
Phí ship thế nào shop?,Hỏi vận chuyển / Thanh toán
Ship về Hồ Chí Minh bao nhiêu?,Hỏi vận chuyển / Thanh toán
Inbox cho mình ngay nhé,Khẩn cấp / Cần phản hồi nhanh
Spam icon 😂😂😂,Spam / Không liên quan
Spam icon 😂😂😂,Spam / Không liên quan
Có size L không?,Hỏi thông tin sản phẩm
Like cho shop,Khen ngợi / Tương tác tích cực
Spam icon 😂😂😂,Spam / Không liên quan
Mất mấy ngày để giao?,Hỏi vận chuyển / Thanh toán
Chém gió cho vui thôi,Spam / Không liên quan
Shop giao hàng chậm quá,Phàn nàn / Tiêu cực
Có size S không?,Hỏi thông tin sản phẩm
Cái này nhiêu tiền vậy?,Hỏi giá
Trả lời gấp dùm,Khẩn cấp / Cần phản hồi nhanh
Đẹp quá,Khen ngợi / Tương tác tích cực
Shop uy tín lắm,Khen ngợi / Tương tác tích cực
Giá sao thế?,Hỏi giá
Chém gió cho vui thôi,Spam / Không liên quan
Trả lời gấp dùm,Khẩn cấp / Cần phản hồi nhanh
Hàng chất lượng nè,Khen ngợi / Tương tác tích cực
Có size M không?,Hỏi thông tin sản phẩm
Mình từng mua rồi rất ok,Khen ngợi / Tương tác tích cực
Mua 3 áo size M,Chốt đơn / Mua hàng
Spam icon 😂😂😂,Spam / Không liên quan
Vào kênh mình nhận quà,Spam / Không liên quan
Ai xem cùng không???,Spam / Không liên quan
Vào kênh mình nhận quà,Spam / Không liên quan
Đặt 3 sản phẩm,Chốt đơn / Mua hàng
❤️❤️,Khen ngợi / Tương tác tích cực
Ship về Đà Nẵng bao nhiêu?,Hỏi vận chuyển / Thanh toán
Spam icon 😂😂😂,Spam / Không liên quan
Chốt đơn 1 cái,Chốt đơn / Mua hàng
Giá sao thế?,Hỏi giá
Shop rep nhanh giúp,Khẩn cấp / Cần phản hồi nhanh
Mình từng mua rồi rất ok,Khen ngợi / Tương tác tích cực
Có size S không?,Hỏi thông tin sản phẩm
Shop rep nhanh giúp,Khẩn cấp / Cần phản hồi nhanh
Trả lời gấp dùm,Khẩn cấp / Cần phản hồi nhanh
Mình cần gấp,Khẩn cấp / Cần phản hồi nhanh
Follow mình nha,Spam / Không liên quan
Cho mình 3 cái nhé,Chốt đơn / Mua hàng
Shop rep nhanh giúp,Khẩn cấp / Cần phản hồi nhanh
Chốt đơn 5 cái,Chốt đơn / Mua hàng
Cho xin giá,Hỏi giá
Like cho shop,Khen ngợi / Tương tác tích cực
Rất ưng,Khen ngợi / Tương tác tích cực
Cho mình 1 cái nhé,Chốt đơn / Mua hàng
Có freeship không?,Hỏi vận chuyển / Thanh toán
Ai xem cùng không???,Spam / Không liên quan
Đặt 2 sản phẩm,Chốt đơn / Mua hàng
Có COD không vậy?,Hỏi vận chuyển / Thanh toán
Giá sao thế?,Hỏi giá
Mất mấy ngày để giao?,Hỏi vận chuyển / Thanh toán
Mình chốt đơn,Chốt đơn / Mua hàng
Like cho shop,Khen ngợi / Tương tác tích cực
Bao nhiêu vậy shop?,Hỏi giá
Cái này hàng chính hãng không?,Hỏi thông tin sản phẩm
Có bảo hành không shop?,Hỏi thông tin sản phẩm
Follow mình nha,Spam / Không liên quan
Sản phẩm này chất gì vậy?,Hỏi thông tin sản phẩm
Rep tin nhắn liền đi,Khẩn cấp / Cần phản hồi nhanh
Spam icon 😂😂😂,Spam / Không liên quan
Shop giao hàng chậm quá,Phàn nàn / Tiêu cực
Có COD không vậy?,Hỏi vận chuyển / Thanh toán
Dịch vụ tệ quá,Phàn nàn / Tiêu cực
Có màu trắng không bạn?,Hỏi thông tin sản phẩm
Sản phẩm lỗi,Phàn nàn / Tiêu cực
Sản phẩm lỗi,Phàn nàn / Tiêu cực
Cho mình 2 cái nhé,Chốt đơn / Mua hàng
Trả lời gấp dùm,Khẩn cấp / Cần phản hồi nhanh
Bao nhiêu vậy shop?,Hỏi giá
Shop uy tín lắm,Khen ngợi / Tương tác tích cực
Vào kênh mình nhận quà,Spam / Không liên quan
Không hài lòng,Phàn nàn / Tiêu cực
Có giảm giá không?,Hỏi giá
Shop giao hàng chậm quá,Phàn nàn / Tiêu cực
Chém gió cho vui thôi,Spam / Không liên quan
Sản phẩm lỗi,Phàn nàn / Tiêu cực
Shop rep nhanh giúp,Khẩn cấp / Cần phản hồi nhanh
Shop giao hàng chậm quá,Phàn nàn / Tiêu cực
Ai xem cùng không???,Spam / Không liên quan
Hàng chất lượng nè,Khen ngợi / Tương tác tích cực
Có giảm giá không?,Hỏi giá
Shop rep nhanh giúp,Khẩn cấp / Cần phản hồi nhanh
Shop uy tín lắm,Khen ngợi / Tương tác tích cực
Sản phẩm này chất gì vậy?,Hỏi thông tin sản phẩm
Lấy 1 bộ luôn,Chốt đơn / Mua hàng
Inbox cho mình ngay nhé,Khẩn cấp / Cần phản hồi nhanh
Mua 1 áo size M,Chốt đơn / Mua hàng
Shop rep nhanh giúp,Khẩn cấp / Cần phản hồi nhanh
Spam icon 😂😂😂,Spam / Không liên quan
Rep tin nhắn liền đi,Khẩn cấp / Cần phản hồi nhanh
Mình từng mua rồi rất ok,Khen ngợi / Tương tác tích cực
Spam icon 😂😂😂,Spam / Không liên quan
Dịch vụ tệ quá,Phàn nàn / Tiêu cực
Có màu đỏ không bạn?,Hỏi thông tin sản phẩm
Rất ưng,Khen ngợi / Tương tác tích cực
Không hài lòng,Phàn nàn / Tiêu cực
Shop giao hàng chậm quá,Phàn nàn / Tiêu cực
Có COD không vậy?,Hỏi vận chuyển / Thanh toán
Ai xem cùng không???,Spam / Không liên quan
Mất mấy ngày để giao?,Hỏi vận chuyển / Thanh toán
❤️❤️,Khen ngợi / Tương tác tích cực
Cái này hàng chính hãng không?,Hỏi thông tin sản phẩm
Cái này hàng chính hãng không?,Hỏi thông tin sản phẩm
Hàng không giống hình,Phàn nàn / Tiêu cực
Đặt 3 sản phẩm,Chốt đơn / Mua hàng
Inbox cho mình ngay nhé,Khẩn cấp / Cần phản hồi nhanh
Phí ship thế nào shop?,Hỏi vận chuyển / Thanh toán
Mình chốt đơn,Chốt đơn / Mua hàng
Shop rep nhanh giúp,Khẩn cấp / Cần phản hồi nhanh
Bao nhiêu vậy shop?,Hỏi giá
Có COD không vậy?,Hỏi vận chuyển / Thanh toán
Rất ưng,Khen ngợi / Tương tác tích cực
Mất mấy ngày để giao?,Hỏi vận chuyển / Thanh toán
Phí ship thế nào shop?,Hỏi vận chuyển / Thanh toán
Giá sao thế?,Hỏi giá
Like cho shop,Khen ngợi / Tương tác tích cực
Chốt màu đỏ size L,Chốt đơn / Mua hàng
Cho mình 2 cái nhé,Chốt đơn / Mua hàng
Sản phẩm lỗi,Phàn nàn / Tiêu cực
Đặt 5 sản phẩm,Chốt đơn / Mua hàng
Phí ship thế nào shop?,Hỏi vận chuyển / Thanh toán
Đẹp quá,Khen ngợi / Tương tác tích cực
Sản phẩm lỗi,Phàn nàn / Tiêu cực
Cái này hàng chính hãng không?,Hỏi thông tin sản phẩm
Rất ưng,Khen ngợi / Tương tác tích cực
Đợi mãi chưa thấy giao,Phàn nàn / Tiêu cực
Cho xin giá,Hỏi giá
Inbox cho mình ngay nhé,Khẩn cấp / Cần phản hồi nhanh
Vào kênh mình nhận quà,Spam / Không liên quan
Đặt 3 sản phẩm,Chốt đơn / Mua hàng
Có size L không?,Hỏi thông tin sản phẩm
Cho xin giá,Hỏi giá
Shop giao hàng chậm quá,Phàn nàn / Tiêu cực
Có màu đen không bạn?,Hỏi thông tin sản phẩm
Shop giao hàng chậm quá,Phàn nàn / Tiêu cực
Cho xin giá,Hỏi giá
Shop rep nhanh giúp,Khẩn cấp / Cần phản hồi nhanh
Cho mình 2 cái nhé,Chốt đơn / Mua hàng
Vào kênh mình nhận quà,Spam / Không liên quan
Shop rep nhanh giúp,Khẩn cấp / Cần phản hồi nhanh
Có COD không vậy?,Hỏi vận chuyển / Thanh toán
Mình chốt đơn,Chốt đơn / Mua hàng
Cho mình 5 cái nhé,Chốt đơn / Mua hàng
Ai xem cùng không???,Spam / Không liên quan
Rep tin nhắn liền đi,Khẩn cấp / Cần phản hồi nhanh
Ai xem cùng không???,Spam / Không liên quan
Mình cần gấp,Khẩn cấp / Cần phản hồi nhanh
Có màu xanh không bạn?,Hỏi thông tin sản phẩm
Có freeship không?,Hỏi vận chuyển / Thanh toán
Dịch vụ tệ quá,Phàn nàn / Tiêu cực
Có màu trắng không bạn?,Hỏi thông tin sản phẩm
Mình cần gấp,Khẩn cấp / Cần phản hồi nhanh
Có size XL không?,Hỏi thông tin sản phẩm
Có màu đỏ không bạn?,Hỏi thông tin sản phẩm
Rất ưng,Khen ngợi / Tương tác tích cực
Chốt màu đỏ size L,Chốt đơn / Mua hàng
Có freeship không?,Hỏi vận chuyển / Thanh toán
Đợi mãi chưa thấy giao,Phàn nàn / Tiêu cực
Mua 2 áo size M,Chốt đơn / Mua hàng
Cái này hàng chính hãng không?,Hỏi thông tin sản phẩm
Rep tin nhắn liền đi,Khẩn cấp / Cần phản hồi nhanh
Có COD không vậy?,Hỏi vận chuyển / Thanh toán
Spam icon 😂😂😂,Spam / Không liên quan
Có size S không?,Hỏi thông tin sản phẩm
Ai xem cùng không???,Spam / Không liên quan
Có size L không?,Hỏi thông tin sản phẩm
Spam icon 😂😂😂,Spam / Không liên quan
Đợi mãi chưa thấy giao,Phàn nàn / Tiêu cực
Đợi mãi chưa thấy giao,Phàn nàn / Tiêu cực
Cho mình 1 cái nhé,Chốt đơn / Mua hàng
Shop uy tín lắm,Khen ngợi / Tương tác tích cực
Sản phẩm này chất gì vậy?,Hỏi thông tin sản phẩm
Mình cần gấp,Khẩn cấp / Cần phản hồi nhanh
Spam icon 😂😂😂,Spam / Không liên quan
Cho mình 2 cái nhé,Chốt đơn / Mua hàng
Trả lời gấp dùm,Khẩn cấp / Cần phản hồi nhanh
Rep tin nhắn liền đi,Khẩn cấp / Cần phản hồi nhanh
Hàng chất lượng nè,Khen ngợi / Tương tác tích cực
Chốt đơn 5 cái,Chốt đơn / Mua hàng
Có bảo hành không shop?,Hỏi thông tin sản phẩm
Có size L không?,Hỏi thông tin sản phẩm
Trả lời gấp dùm,Khẩn cấp / Cần phản hồi nhanh
Chốt đơn 2 cái,Chốt đơn / Mua hàng
Dịch vụ tệ quá,Phàn nàn / Tiêu cực
Shop uy tín lắm,Khen ngợi / Tương tác tích cực
Cho mình 5 cái nhé,Chốt đơn / Mua hàng
Đợi mãi chưa thấy giao,Phàn nàn / Tiêu cực
Mình cần gấp,Khẩn cấp / Cần phản hồi nhanh
Giá sao thế?,Hỏi giá
Mình từng mua rồi rất ok,Khen ngợi / Tương tác tích cực
Sản phẩm lỗi,Phàn nàn / Tiêu cực
Rất ưng,Khen ngợi / Tương tác tích cực
Rất ưng,Khen ngợi / Tương tác tích cực
Có size L không?,Hỏi thông tin sản phẩm
Giá bao nhiêu thế shop?,Hỏi giá
Hàng chất lượng nè,Khen ngợi / Tương tác tích cực
Cái này hàng chính hãng không?,Hỏi thông tin sản phẩm
Shop rep nhanh giúp,Khẩn cấp / Cần phản hồi nhanh
Shop rep nhanh giúp,Khẩn cấp / Cần phản hồi nhanh
Spam icon 😂😂😂,Spam / Không liên quan
Có freeship không?,Hỏi vận chuyển / Thanh toán
Cái này nhiêu tiền vậy?,Hỏi giá
Hàng không giống hình,Phàn nàn / Tiêu cực
Có COD không vậy?,Hỏi vận chuyển / Thanh toán
Lấy 1 bộ luôn,Chốt đơn / Mua hàng
Có màu xanh không bạn?,Hỏi thông tin sản phẩm
Đẹp quá,Khen ngợi / Tương tác tích cực
Có bảo hành không shop?,Hỏi thông tin sản phẩm
Có bảo hành không shop?,Hỏi thông tin sản phẩm
Vào kênh mình nhận quà,Spam / Không liên quan
Trả lời gấp dùm,Khẩn cấp / Cần phản hồi nhanh
Sản phẩm này chất gì vậy?,Hỏi thông tin sản phẩm
Rep tin nhắn liền đi,Khẩn cấp / Cần phản hồi nhanh
Mình từng mua rồi rất ok,Khen ngợi / Tương tác tích cực
Có màu đen không bạn?,Hỏi thông tin sản phẩm
Inbox cho mình ngay nhé,Khẩn cấp / Cần phản hồi nhanh
Có bảo hành không shop?,Hỏi thông tin sản phẩm
Mua 3 áo size M,Chốt đơn / Mua hàng
Trả lời gấp dùm,Khẩn cấp / Cần phản hồi nhanh
Inbox cho mình ngay nhé,Khẩn cấp / Cần phản hồi nhanh
Rất ưng,Khen ngợi / Tương tác tích cực
Đẹp quá,Khen ngợi / Tương tác tích cực
Inbox cho mình ngay nhé,Khẩn cấp / Cần phản hồi nhanh
Vào kênh mình nhận quà,Spam / Không liên quan
Phí ship thế nào shop?,Hỏi vận chuyển / Thanh toán
Có COD không vậy?,Hỏi vận chuyển / Thanh toán
Trả lời gấp dùm,Khẩn cấp / Cần phản hồi nhanh
Đợi mãi chưa thấy giao,Phàn nàn / Tiêu cực
Like cho shop,Khen ngợi / Tương tác tích cực
Bao nhiêu vậy shop?,Hỏi giá
❤️❤️,Khen ngợi / Tương tác tích cực
Mua 3 áo size M,Chốt đơn / Mua hàng
Cái này nhiêu tiền vậy?,Hỏi giá
Trả lời gấp dùm,Khẩn cấp / Cần phản hồi nhanh
Hàng không giống hình,Phàn nàn / Tiêu cực
Mình chốt đơn,Chốt đơn / Mua hàng
Hàng không giống hình,Phàn nàn / Tiêu cực
Chém gió cho vui thôi,Spam / Không liên quan
Ship về Đà Nẵng bao nhiêu?,Hỏi vận chuyển / Thanh toán
Đợi mãi chưa thấy giao,Phàn nàn / Tiêu cực
Sản phẩm lỗi,Phàn nàn / Tiêu cực
Có size S không?,Hỏi thông tin sản phẩm
Có freeship không?,Hỏi vận chuyển / Thanh toán
Có COD không vậy?,Hỏi vận chuyển / Thanh toán
Dịch vụ tệ quá,Phàn nàn / Tiêu cực
Mất mấy ngày để giao?,Hỏi vận chuyển / Thanh toán
Phí ship thế nào shop?,Hỏi vận chuyển / Thanh toán
Có giảm giá không?,Hỏi giá
Phí ship thế nào shop?,Hỏi vận chuyển / Thanh toán
Cho mình 3 cái nhé,Chốt đơn / Mua hàng
Không hài lòng,Phàn nàn / Tiêu cực
Mất mấy ngày để giao?,Hỏi vận chuyển / Thanh toán
Có giảm giá không?,Hỏi giá
Vào kênh mình nhận quà,Spam / Không liên quan
Bao nhiêu vậy shop?,Hỏi giá
Giá sao thế?,Hỏi giá
Vào kênh mình nhận quà,Spam / Không liên quan
Đợi mãi chưa thấy giao,Phàn nàn / Tiêu cực
Đẹp quá,Khen ngợi / Tương tác tích cực
Mất mấy ngày để giao?,Hỏi vận chuyển / Thanh toán
Sản phẩm lỗi,Phàn nàn / Tiêu cực
Spam icon 😂😂😂,Spam / Không liên quan
Shop giao hàng chậm quá,Phàn nàn / Tiêu cực
Lấy 3 bộ luôn,Chốt đơn / Mua hàng
Sản phẩm lỗi,Phàn nàn / Tiêu cực
Rất ưng,Khen ngợi / Tương tác tích cực
Chém gió cho vui thôi,Spam / Không liên quan
Sản phẩm lỗi,Phàn nàn / Tiêu cực
Follow mình nha,Spam / Không liên quan
Sản phẩm này chất gì vậy?,Hỏi thông tin sản phẩm
Mình từng mua rồi rất ok,Khen ngợi / Tương tác tích cực
Follow mình nha,Spam / Không liên quan
Spam icon 😂😂😂,Spam / Không liên quan
Hàng chất lượng nè,Khen ngợi / Tương tác tích cực
Shop giao hàng chậm quá,Phàn nàn / Tiêu cực
Shop uy tín lắm,Khen ngợi / Tương tác tích cực
Có freeship không?,Hỏi vận chuyển / Thanh toán
Có giảm giá không?,Hỏi giá
Shop giao hàng chậm quá,Phàn nàn / Tiêu cực
Sản phẩm này chất gì vậy?,Hỏi thông tin sản phẩm
Trả lời gấp dùm,Khẩn cấp / Cần phản hồi nhanh
Có màu đỏ không bạn?,Hỏi thông tin sản phẩm
Đặt 1 sản phẩm,Chốt đơn / Mua hàng
Ship về Hà Nội bao nhiêu?,Hỏi vận chuyển / Thanh toán
Ship về Đà Nẵng bao nhiêu?,Hỏi vận chuyển / Thanh toán
Có COD không vậy?,Hỏi vận chuyển / Thanh toán
❤️❤️,Khen ngợi / Tương tác tích cực
Trả lời gấp dùm,Khẩn cấp / Cần phản hồi nhanh
Ship về Đà Nẵng bao nhiêu?,Hỏi vận chuyển / Thanh toán
Cho mình 2 cái nhé,Chốt đơn / Mua hàng
Trả lời gấp dùm,Khẩn cấp / Cần phản hồi nhanh
Dịch vụ tệ quá,Phàn nàn / Tiêu cực
Giá sao thế?,Hỏi giá
Lấy 2 bộ luôn,Chốt đơn / Mua hàng
Trả lời gấp dùm,Khẩn cấp / Cần phản hồi nhanh
Bao nhiêu vậy shop?,Hỏi giá
Sản phẩm này chất gì vậy?,Hỏi thông tin sản phẩm
Có giảm giá không?,Hỏi giá
Chém gió cho vui thôi,Spam / Không liên quan
Rep tin nhắn liền đi,Khẩn cấp / Cần phản hồi nhanh
Ai xem cùng không???,Spam / Không liên quan
Hàng không giống hình,Phàn nàn / Tiêu cực
Có size M không?,Hỏi thông tin sản phẩm
Rep tin nhắn liền đi,Khẩn cấp / Cần phản hồi nhanh
Bao nhiêu vậy shop?,Hỏi giá
Mua 3 áo size M,Chốt đơn / Mua hàng
Mình cần gấp,Khẩn cấp / Cần phản hồi nhanh
Ai xem cùng không???,Spam / Không liên quan
Sản phẩm này chất gì vậy?,Hỏi thông tin sản phẩm
❤️❤️,Khen ngợi / Tương tác tích cực
Shop giao hàng chậm quá,Phàn nàn / Tiêu cực
Vào kênh mình nhận quà,Spam / Không liên quan
Lấy 3 bộ luôn,Chốt đơn / Mua hàng
Có giảm giá không?,Hỏi giá
Ai xem cùng không???,Spam / Không liên quan
Có freeship không?,Hỏi vận chuyển / Thanh toán
Cho xin giá,Hỏi giá
Sản phẩm này chất gì vậy?,Hỏi thông tin sản phẩm
Có giảm giá không?,Hỏi giá
Vào kênh mình nhận quà,Spam / Không liên quan
Có size XL không?,Hỏi thông tin sản phẩm
Cho mình 1 cái nhé,Chốt đơn / Mua hàng
Dịch vụ tệ quá,Phàn nàn / Tiêu cực
Follow mình nha,Spam / Không liên quan
Đặt 3 sản phẩm,Chốt đơn / Mua hàng
Dịch vụ tệ quá,Phàn nàn / Tiêu cực
Có giảm giá không?,Hỏi giá
Trả lời gấp dùm,Khẩn cấp / Cần phản hồi nhanh
Rất ưng,Khen ngợi / Tương tác tích cực
Vào kênh mình nhận quà,Spam / Không liên quan
Sản phẩm này chất gì vậy?,Hỏi thông tin sản phẩm
Đẹp quá,Khen ngợi / Tương tác tích cực
Có bảo hành không shop?,Hỏi thông tin sản phẩm
Đợi mãi chưa thấy giao,Phàn nàn / Tiêu cực
Cái này hàng chính hãng không?,Hỏi thông tin sản phẩm
Sản phẩm này chất gì vậy?,Hỏi thông tin sản phẩm
Có freeship không?,Hỏi vận chuyển / Thanh toán
Có COD không vậy?,Hỏi vận chuyển / Thanh toán
Like cho shop,Khen ngợi / Tương tác tích cực
Chém gió cho vui thôi,Spam / Không liên quan
Đặt 1 sản phẩm,Chốt đơn / Mua hàng
Phí ship thế nào shop?,Hỏi vận chuyển / Thanh toán
Mình cần gấp,Khẩn cấp / Cần phản hồi nhanh
Phí ship thế nào shop?,Hỏi vận chuyển / Thanh toán
Spam icon 😂😂😂,Spam / Không liên quan
Sản phẩm lỗi,Phàn nàn / Tiêu cực
Giá bao nhiêu thế shop?,Hỏi giá
Có màu trắng không bạn?,Hỏi thông tin sản phẩm
Có màu đỏ không bạn?,Hỏi thông tin sản phẩm
Chốt màu đỏ size L,Chốt đơn / Mua hàng
Có freeship không?,Hỏi vận chuyển / Thanh toán
Hàng chất lượng nè,Khen ngợi / Tương tác tích cực
Mình từng mua rồi rất ok,Khen ngợi / Tương tác tích cực
Mình chốt đơn,Chốt đơn / Mua hàng
Inbox cho mình ngay nhé,Khẩn cấp / Cần phản hồi nhanh
Cái này hàng chính hãng không?,Hỏi thông tin sản phẩm
Không hài lòng,Phàn nàn / Tiêu cực
Phí ship thế nào shop?,Hỏi vận chuyển / Thanh toán
Rất ưng,Khen ngợi / Tương tác tích cực
Đặt 5 sản phẩm,Chốt đơn / Mua hàng
Trả lời gấp dùm,Khẩn cấp / Cần phản hồi nhanh
Lấy 5 bộ luôn,Chốt đơn / Mua hàng
Hàng không giống hình,Phàn nàn / Tiêu cực
Mình chốt đơn,Chốt đơn / Mua hàng
Chốt màu đỏ size L,Chốt đơn / Mua hàng
Có bảo hành không shop?,Hỏi thông tin sản phẩm
Có freeship không?,Hỏi vận chuyển / Thanh toán
Chém gió cho vui thôi,Spam / Không liên quan
Có giảm giá không?,Hỏi giá
Sản phẩm này chất gì vậy?,Hỏi thông tin sản phẩm
Chém gió cho vui thôi,Spam / Không liên quan
Có COD không vậy?,Hỏi vận chuyển / Thanh toán
Shop giao hàng chậm quá,Phàn nàn / Tiêu cực
Ship về Hà Nội bao nhiêu?,Hỏi vận chuyển / Thanh toán
Sản phẩm này chất gì vậy?,Hỏi thông tin sản phẩm
Cái này nhiêu tiền vậy?,Hỏi giá
Trả lời gấp dùm,Khẩn cấp / Cần phản hồi nhanh
Mình cần gấp,Khẩn cấp / Cần phản hồi nhanh
Có COD không vậy?,Hỏi vận chuyển / Thanh toán
❤️❤️,Khen ngợi / Tương tác tích cực
Phí ship thế nào shop?,Hỏi vận chuyển / Thanh toán
Giá bao nhiêu thế shop?,Hỏi giá
Hàng chất lượng nè,Khen ngợi / Tương tác tích cực
Cho mình 1 cái nhé,Chốt đơn / Mua hàng
Rất ưng,Khen ngợi / Tương tác tích cực
Dịch vụ tệ quá,Phàn nàn / Tiêu cực
Mình từng mua rồi rất ok,Khen ngợi / Tương tác tích cực
Shop uy tín lắm,Khen ngợi / Tương tác tích cực
Có màu trắng không bạn?,Hỏi thông tin sản phẩm
❤️❤️,Khen ngợi / Tương tác tích cực
Có freeship không?,Hỏi vận chuyển / Thanh toán
Có màu đen không bạn?,Hỏi thông tin sản phẩm
Shop rep nhanh giúp,Khẩn cấp / Cần phản hồi nhanh
Giá bao nhiêu thế shop?,Hỏi giá
Mình chốt đơn,Chốt đơn / Mua hàng
Dịch vụ tệ quá,Phàn nàn / Tiêu cực
Inbox cho mình ngay nhé,Khẩn cấp / Cần phản hồi nhanh
Đặt 1 sản phẩm,Chốt đơn / Mua hàng
Follow mình nha,Spam / Không liên quan
Like cho shop,Khen ngợi / Tương tác tích cực
Cái này hàng chính hãng không?,Hỏi thông tin sản phẩm
Follow mình nha,Spam / Không liên quan
Trả lời gấp dùm,Khẩn cấp / Cần phản hồi nhanh
Trả lời gấp dùm,Khẩn cấp / Cần phản hồi nhanh
Ship về Cần Thơ bao nhiêu?,Hỏi vận chuyển / Thanh toán
Bao nhiêu vậy shop?,Hỏi giá
Có màu trắng không bạn?,Hỏi thông tin sản phẩm
Inbox cho mình ngay nhé,Khẩn cấp / Cần phản hồi nhanh
Có freeship không?,Hỏi vận chuyển / Thanh toán
Follow mình nha,Spam / Không liên quan
Hàng chất lượng nè,Khen ngợi / Tương tác tích cực
Không hài lòng,Phàn nàn / Tiêu cực
Có màu đỏ không bạn?,Hỏi thông tin sản phẩm
Cái này hàng chính hãng không?,Hỏi thông tin sản phẩm
Chém gió cho vui thôi,Spam / Không liên quan
Không hài lòng,Phàn nàn / Tiêu cực
Sản phẩm này chất gì vậy?,Hỏi thông tin sản phẩm
Like cho shop,Khen ngợi / Tương tác tích cực
Sản phẩm này chất gì vậy?,Hỏi thông tin sản phẩm
Vào kênh mình nhận quà,Spam / Không liên quan
Rất ưng,Khen ngợi / Tương tác tích cực
Mình chốt đơn,Chốt đơn / Mua hàng
Mình từng mua rồi rất ok,Khen ngợi / Tương tác tích cực
Lấy 2 bộ luôn,Chốt đơn / Mua hàng
Inbox cho mình ngay nhé,Khẩn cấp / Cần phản hồi nhanh
Rep tin nhắn liền đi,Khẩn cấp / Cần phản hồi nhanh
Follow mình nha,Spam / Không liên quan
Cái này hàng chính hãng không?,Hỏi thông tin sản phẩm
Ship về Hồ Chí Minh bao nhiêu?,Hỏi vận chuyển / Thanh toán
Phí ship thế nào shop?,Hỏi vận chuyển / Thanh toán
Đặt 5 sản phẩm,Chốt đơn / Mua hàng
Ship về Hà Nội bao nhiêu?,Hỏi vận chuyển / Thanh toán
Cho mình 2 cái nhé,Chốt đơn / Mua hàng
Có size L không?,Hỏi thông tin sản phẩm
Follow mình nha,Spam / Không liên quan
Hàng chất lượng nè,Khen ngợi / Tương tác tích cực
Like cho shop,Khen ngợi / Tương tác tích cực
Có COD không vậy?,Hỏi vận chuyển / Thanh toán
Hàng không giống hình,Phàn nàn / Tiêu cực
❤️❤️,Khen ngợi / Tương tác tích cực
Cái này hàng chính hãng không?,Hỏi thông tin sản phẩm
Cái này nhiêu tiền vậy?,Hỏi giá
Mình từng mua rồi rất ok,Khen ngợi / Tương tác tích cực
Không hài lòng,Phàn nàn / Tiêu cực
Có freeship không?,Hỏi vận chuyển / Thanh toán
Có freeship không?,Hỏi vận chuyển / Thanh toán
Cái này hàng chính hãng không?,Hỏi thông tin sản phẩm
Shop rep nhanh giúp,Khẩn cấp / Cần phản hồi nhanh
Mình cần gấp,Khẩn cấp / Cần phản hồi nhanh
Chém gió cho vui thôi,Spam / Không liên quan
Mình cần gấp,Khẩn cấp / Cần phản hồi nhanh
Phí ship thế nào shop?,Hỏi vận chuyển / Thanh toán
Chốt đơn 3 cái,Chốt đơn / Mua hàng
Spam icon 😂😂😂,Spam / Không liên quan
Ai xem cùng không???,Spam / Không liên quan
Mình cần gấp,Khẩn cấp / Cần phản hồi nhanh
Mình từng mua rồi rất ok,Khen ngợi / Tương tác tích cực
Ai xem cùng không???,Spam / Không liên quan
Cho mình 5 cái nhé,Chốt đơn / Mua hàng
Mình cần gấp,Khẩn cấp / Cần phản hồi nhanh
Cái này hàng chính hãng không?,Hỏi thông tin sản phẩm
Lấy 3 bộ luôn,Chốt đơn / Mua hàng
Vào kênh mình nhận quà,Spam / Không liên quan
Mình chốt đơn,Chốt đơn / Mua hàng
Phí ship thế nào shop?,Hỏi vận chuyển / Thanh toán
Cho xin giá,Hỏi giá
Sản phẩm này chất gì vậy?,Hỏi thông tin sản phẩm
Mình từng mua rồi rất ok,Khen ngợi / Tương tác tích cực
Sản phẩm này chất gì vậy?,Hỏi thông tin sản phẩm
Mình từng mua rồi rất ok,Khen ngợi / Tương tác tích cực
Hàng không giống hình,Phàn nàn / Tiêu cực
Đẹp quá,Khen ngợi / Tương tác tích cực
Chốt màu đỏ size L,Chốt đơn / Mua hàng
Rất ưng,Khen ngợi / Tương tác tích cực
